"","X","cosa_pensi_acquisto_scala","inquinamento_scala","camb_clim_scala","rifiuti_scala","tieni_agg","bio_buono_salute","vero_bio","bio_label","ecolabel","conoscenza_bio","obbligo_soc","sostieni_ass","eco_friendly_beha","compri_scala","spesa_scala","age","gender_scala","people_scala","income_scala","edu_scala","age_scala","concern"
"1",1,3,4,4,3,0,0,0,0,0,1,0,0,1,2,3,24,0,3,1,4,1,11
"2",2,3,3,4,2,0,0,0,0,0,0,1,0,1,2,3,25,1,2,1,4,2,10
"3",3,4,4,4,4,1,1,0,1,0,0,1,1,1,3,3,23,0,2,2,4,1,12
"4",4,3,4,4,1,0,0,0,1,0,0,0,0,0,1,1,29,1,1,1,4,2,11
"5",5,3,3,3,4,0,0,0,0,0,0,1,0,1,2,3,24,0,2,1,4,1,9
"6",6,3,4,4,4,1,0,1,0,0,0,1,0,1,2,3,27,1,2,1,4,2,11
"7",7,4,3,4,3,1,1,0,0,0,1,1,0,0,2,3,24,1,3,3,4,1,11
"8",8,3,3,3,3,0,0,1,1,0,1,1,0,1,2,5,24,0,3,1,4,1,9
"9",9,4,3,4,4,1,1,0,0,0,1,1,0,1,3,2,21,1,3,2,3,1,11
"10",10,3,3,4,2,0,0,0,0,0,0,1,0,1,2,2,27,1,2,1,4,2,10
"11",11,3,4,4,4,1,1,0,1,0,0,1,0,1,1,3,23,0,2,1,4,1,11
"12",12,3,3,4,2,1,0,1,1,0,1,1,0,1,2,2,22,1,3,3,3,1,10
"13",13,4,3,4,4,0,0,0,0,0,0,0,1,1,2,3,23,0,3,4,4,1,11
"14",14,4,4,4,4,1,1,1,1,1,0,0,1,1,3,3,25,1,3,3,4,2,12
"15",15,4,4,4,2,1,1,0,0,0,0,1,0,1,2,3,24,0,3,2,4,1,12
"16",16,3,3,4,3,0,0,0,0,0,1,1,0,0,2,3,22,1,3,1,3,1,10
"17",17,3,2,3,2,0,0,0,0,0,0,0,0,0,1,4,22,0,3,2,3,1,8
"18",18,4,4,4,2,1,0,1,1,1,0,1,0,1,2,3,22,0,3,3,3,1,12
"19",19,4,4,4,3,0,1,0,0,0,0,1,0,1,2,4,23,0,3,1,4,1,12
"20",20,4,4,4,4,0,1,0,1,0,1,1,0,1,3,3,24,0,3,1,4,1,12
"21",21,2,3,2,3,0,0,0,1,0,0,1,0,0,1,3,22,1,3,2,3,1,7
"22",22,3,4,4,2,0,0,0,0,0,0,1,0,1,2,1,24,1,3,1,4,1,11
"23",23,3,3,3,3,1,0,0,1,1,0,0,1,1,2,4,25,1,2,4,4,2,9
"24",24,4,4,4,2,1,1,0,1,1,0,0,0,1,2,3,24,0,3,2,3,1,12
"25",25,2,4,4,4,0,0,0,0,0,0,1,0,1,1,2,23,1,3,3,4,1,10
"26",26,2,2,3,2,0,0,0,0,0,0,0,0,0,1,2,21,1,3,1,3,1,7
"27",27,4,4,4,2,0,1,0,1,0,0,1,0,1,2,3,24,0,3,2,3,1,12
"28",28,4,4,4,3,0,0,1,0,0,0,1,1,1,2,3,23,0,3,3,4,1,12
"29",29,4,4,4,4,1,0,0,0,0,1,1,0,1,2,2,21,1,3,1,3,1,12
"30",30,2,3,3,3,0,1,1,1,1,0,0,0,0,2,3,22,1,2,2,3,1,8
"31",31,3,4,4,3,1,0,0,1,0,0,1,0,1,3,5,45,0,2,2,4,3,11
"32",32,4,3,1,4,0,1,1,1,0,0,1,0,1,2,2,21,0,2,2,3,1,8
"33",33,3,4,4,3,1,1,0,0,0,0,0,0,0,2,2,23,0,3,2,4,1,11
"34",34,3,3,4,3,0,1,1,0,0,0,1,0,1,2,3,25,1,1,1,3,2,10
"35",35,3,4,4,4,1,1,1,1,1,0,1,1,1,3,2,34,0,3,2,4,2,11
"36",36,3,3,4,3,0,0,1,1,1,0,0,0,1,2,4,25,1,1,1,3,2,10
"37",37,3,4,4,4,1,0,0,0,0,0,1,0,1,2,3,24,0,3,3,4,1,11
"38",38,4,3,3,3,0,1,1,1,0,0,1,0,1,3,4,24,1,3,1,4,1,10
"39",39,3,4,4,2,0,1,1,1,0,0,0,0,1,2,4,26,1,3,2,4,2,11
"40",40,2,4,4,3,0,0,0,0,0,0,1,0,0,1,5,24,0,3,1,4,1,10
"41",41,2,3,4,3,1,1,0,0,0,1,0,0,0,2,2,23,1,3,2,4,1,9
"42",42,3,4,4,4,1,1,1,1,1,0,0,0,1,2,3,28,1,3,1,4,2,11
"43",43,4,4,4,2,1,1,1,0,0,1,1,1,1,2,3,22,0,3,1,3,1,12
"44",44,4,4,3,4,1,1,1,0,0,1,1,0,1,3,2,24,1,2,1,3,1,11
"45",45,4,4,4,2,1,1,1,1,1,1,1,0,1,3,4,21,0,2,2,3,1,12
"46",46,4,3,3,2,0,1,1,1,0,1,1,0,1,2,2,21,1,3,2,3,1,10
"47",47,3,4,4,4,0,0,1,0,0,0,1,0,1,2,4,25,1,3,1,4,2,11
"48",48,3,4,4,3,1,1,0,1,1,0,0,1,1,2,3,30,0,2,1,3,2,11
"49",49,3,4,4,4,1,0,0,0,0,0,0,1,1,2,3,46,1,1,2,4,3,11
"50",50,4,4,4,2,1,1,1,1,1,1,1,0,1,3,4,24,0,3,3,4,1,12
"51",51,3,3,3,3,0,0,0,0,0,0,1,0,1,2,3,24,0,3,2,4,1,9
"52",52,3,3,4,3,0,0,0,0,0,0,0,0,1,2,3,24,0,3,1,3,1,10
"53",53,4,4,4,3,0,1,0,0,1,1,1,0,0,2,4,27,0,3,3,4,2,12
"54",54,3,3,4,3,0,0,1,1,1,1,1,0,1,2,3,76,0,1,3,4,4,10
"55",55,4,4,4,4,0,1,0,1,0,0,0,0,1,2,3,25,0,2,1,4,2,12
"56",56,4,4,4,4,1,1,0,0,0,0,1,0,1,2,4,26,0,2,1,4,2,12
"57",57,3,4,4,4,0,1,0,1,1,1,0,0,1,2,4,32,0,2,1,4,2,11
"58",58,4,4,4,3,0,1,0,1,1,0,1,0,1,2,2,31,0,2,1,4,2,12
"59",59,4,4,4,4,1,0,0,0,1,0,1,0,1,2,2,23,1,3,2,4,1,12
"60",60,4,4,4,3,1,1,1,1,1,0,1,0,1,3,2,28,0,3,2,4,2,12
"61",61,4,3,4,2,1,1,1,1,1,0,1,0,1,2,3,24,0,3,1,4,1,11
"62",62,4,4,4,4,1,0,0,0,1,0,1,0,1,2,5,24,0,2,1,4,1,12
"63",63,3,3,3,3,0,1,0,0,0,0,1,0,0,2,3,26,1,2,1,4,2,9
"64",64,3,4,4,3,0,0,0,1,0,0,0,0,1,2,3,24,0,2,1,4,1,11
"65",65,3,4,4,4,1,1,0,0,0,0,1,0,0,2,4,22,0,3,2,3,1,11
"66",66,4,4,4,4,0,1,1,0,0,0,1,0,0,2,3,23,0,3,2,4,1,12
"67",67,3,3,4,4,0,1,1,1,1,1,1,0,0,3,3,24,0,3,1,4,1,10
"68",68,3,4,4,4,1,0,0,0,0,0,1,0,1,2,2,24,1,2,1,4,1,11
"69",69,4,4,4,3,1,1,1,1,1,1,1,1,1,3,1,57,0,2,1,3,4,12
"70",70,3,4,4,3,0,0,0,1,1,0,0,0,1,2,4,22,0,3,2,3,1,11
"71",71,4,4,4,2,1,0,1,1,1,1,1,1,1,3,4,23,0,2,2,4,1,12
"72",72,4,4,3,4,1,1,1,1,1,1,1,0,1,3,5,25,1,3,2,4,2,11
"73",73,3,3,4,4,1,1,0,1,0,0,1,0,0,2,3,25,1,3,1,4,2,10
"74",74,3,4,4,2,0,1,0,0,0,0,1,0,1,2,4,24,1,1,1,3,1,11
"75",75,2,3,3,2,1,0,0,0,0,0,0,0,1,2,2,23,0,3,3,4,1,8
"76",76,4,4,4,3,1,0,1,1,1,0,0,0,1,3,1,26,0,1,1,4,2,12
"77",77,4,4,4,3,1,1,1,1,1,0,0,1,1,2,3,25,0,4,2,3,2,12
"78",78,3,3,3,2,0,1,0,0,0,0,0,0,1,2,3,24,0,3,2,4,1,9
"79",79,4,3,3,2,0,1,1,1,0,0,0,0,1,3,3,25,1,3,1,4,2,10
"80",80,3,3,4,3,1,1,0,0,0,1,1,1,0,2,3,24,0,2,1,3,1,10
"81",81,3,4,4,3,0,1,0,0,0,1,1,0,1,2,3,52,0,2,1,3,3,11
"82",82,3,3,3,3,1,0,0,0,1,0,0,0,0,1,2,45,1,2,2,4,3,9
"83",83,3,3,3,3,1,0,0,0,1,0,0,0,0,1,2,45,1,2,2,4,3,9
"84",84,3,3,3,3,0,1,0,1,1,0,1,0,1,2,3,21,0,3,2,4,1,9
"85",85,4,4,4,3,1,1,0,0,0,0,1,0,1,2,3,24,0,3,2,4,1,12
"86",86,4,4,4,3,0,1,0,0,0,0,1,0,0,2,3,25,1,2,2,4,2,12
"87",87,4,3,4,3,1,1,0,0,0,0,1,1,1,2,5,23,0,3,3,4,1,11
"88",88,3,3,4,3,1,1,1,1,1,0,1,0,1,2,4,24,1,2,1,4,1,10
"89",89,3,3,3,3,1,0,0,1,1,0,1,0,1,2,5,40,0,2,2,4,3,9
"90",90,4,4,4,3,1,0,1,1,1,0,1,0,1,3,4,22,0,2,2,3,1,12
"91",91,4,4,4,4,1,1,1,1,1,0,1,0,1,3,3,51,0,2,1,3,3,12
"92",92,2,3,2,1,0,1,0,0,0,0,0,0,0,2,1,51,1,2,2,4,3,7
"93",93,3,4,4,2,1,0,0,0,0,0,1,0,1,3,3,23,0,3,3,4,1,11
"94",94,3,4,4,2,1,1,0,1,1,1,1,0,1,2,2,30,0,2,1,4,2,11
"95",95,4,4,4,3,1,1,1,1,1,0,1,0,1,3,4,21,0,2,3,3,1,12
"96",96,3,4,4,4,1,1,0,1,1,0,1,0,1,2,3,45,1,3,3,4,3,11
"97",97,2,4,4,2,1,1,1,1,1,0,1,0,1,1,2,24,1,2,1,4,1,10
"98",98,4,4,4,3,1,0,0,0,1,1,0,1,1,3,3,45,1,2,1,3,3,12
"99",99,4,3,4,2,1,1,0,1,0,1,1,0,1,2,2,58,0,3,1,3,4,11
"100",100,4,3,2,3,1,1,1,1,1,0,1,0,1,2,4,42,0,2,1,4,3,9
"101",101,3,4,3,3,1,0,0,0,1,1,1,0,1,2,2,25,0,2,1,4,2,10
"102",102,4,3,4,3,1,1,1,1,0,0,1,0,1,2,3,25,1,3,2,4,2,11
"103",103,4,3,4,3,1,1,0,0,0,0,1,0,1,2,4,45,0,2,1,3,3,11
"104",104,4,4,4,3,1,1,1,0,0,0,1,0,1,3,5,20,0,3,1,3,1,12
"105",105,2,2,3,2,0,0,0,0,0,0,0,0,0,1,2,21,1,3,1,3,1,7
"106",106,3,4,4,3,0,1,1,0,0,0,0,0,1,3,3,52,0,3,1,4,3,11
"107",107,3,4,3,2,0,1,1,1,0,0,1,0,1,2,3,19,1,3,1,3,1,10
"108",108,4,3,4,3,0,1,0,0,1,0,1,0,1,2,4,17,0,3,2,2,1,11
"109",109,4,3,4,3,1,1,0,1,0,0,1,0,1,2,2,25,0,3,1,3,2,11
"110",110,3,3,3,3,1,1,1,1,0,0,1,0,1,2,2,25,1,3,1,4,2,9
"111",111,3,4,4,4,0,1,0,0,0,0,1,0,0,2,2,22,1,2,2,4,1,11
"112",112,4,4,4,2,1,0,1,1,0,0,1,0,1,2,2,23,0,3,2,3,1,12
"113",113,2,2,3,2,0,0,0,0,0,0,0,0,0,1,2,21,1,3,1,3,1,7
"114",114,3,3,4,2,1,0,0,1,1,1,1,0,1,2,3,79,1,2,3,4,4,10
"115",115,3,2,3,3,0,0,1,1,0,1,0,0,1,1,2,45,1,2,2,4,3,8
"116",116,3,3,4,2,0,0,0,0,0,0,1,0,1,2,3,25,1,2,1,4,2,10
"117",117,4,4,4,1,0,0,0,1,1,1,0,0,1,2,4,30,0,1,1,4,2,12
"118",118,4,3,3,3,0,1,1,1,1,1,0,0,1,3,3,25,0,3,1,4,2,10
"119",119,3,4,4,3,0,0,0,1,0,0,0,0,1,2,3,24,0,2,1,4,1,11
"120",120,3,3,3,4,1,1,0,1,0,0,1,0,1,2,3,27,0,2,1,4,2,9
"121",121,3,3,2,3,1,0,0,1,1,0,1,0,1,2,3,24,1,3,1,4,1,8
"122",122,4,3,1,4,0,1,1,1,0,0,1,0,1,2,2,21,0,2,2,3,1,8
"123",123,4,2,3,3,1,1,1,1,1,0,1,0,1,2,4,36,0,2,1,3,2,9
"124",124,4,3,3,2,0,0,0,1,1,0,1,0,1,2,3,22,1,2,2,3,1,10
"125",125,3,4,4,4,0,1,0,0,0,0,1,0,1,2,1,26,1,2,1,4,2,11
"126",126,3,4,4,2,1,0,0,0,0,0,0,0,0,1,3,26,0,3,1,3,2,11
"127",127,4,4,4,3,1,0,0,0,0,0,0,1,1,2,3,23,0,2,1,3,1,12
"128",128,4,4,4,4,1,0,0,0,0,0,1,0,1,2,3,1,1,2,2,3,1,12
"129",129,3,3,3,2,0,1,0,0,0,0,0,0,0,3,2,48,1,1,1,4,3,9
"130",130,3,3,3,2,1,0,1,1,1,0,1,0,0,2,3,21,0,3,1,3,1,9
"131",131,2,2,2,2,0,0,0,0,0,0,0,0,0,1,1,23,1,2,2,4,1,6
"132",132,4,4,4,3,0,1,1,1,1,0,1,0,1,2,4,19,0,4,1,3,1,12
"133",133,3,4,4,3,1,0,0,0,0,0,1,0,1,2,5,24,1,3,1,4,1,11
"134",134,2,3,2,1,0,1,0,0,0,0,0,0,0,2,1,51,1,2,2,4,3,7
"135",135,4,4,4,4,0,0,0,0,0,0,1,0,0,2,1,28,0,1,1,4,2,12
"136",136,4,4,4,3,0,1,1,1,1,0,1,0,1,2,4,19,0,4,1,3,1,12
"137",137,4,4,4,4,1,1,1,1,1,1,0,1,1,3,3,25,0,3,1,4,2,12
"138",138,2,2,2,3,1,0,0,1,1,0,0,0,1,1,1,22,1,3,2,3,1,6
"139",139,2,2,2,3,1,0,0,1,1,0,0,0,1,1,1,22,1,3,2,3,1,6
"140",140,4,4,4,3,1,1,0,1,1,1,1,0,1,2,3,41,0,3,1,4,3,12
"141",141,3,3,3,3,1,1,0,1,1,0,0,0,1,2,5,30,0,2,1,3,2,9
"142",142,4,3,3,3,0,1,0,0,0,0,1,0,1,2,4,40,0,2,1,4,3,10
"143",143,4,3,3,3,1,1,0,1,1,0,0,0,1,2,3,54,0,3,1,2,3,10
"144",144,4,3,4,3,1,1,1,1,0,1,1,0,1,3,3,19,0,3,4,3,1,11
"145",145,3,4,4,3,1,0,0,0,1,0,1,1,1,3,3,23,0,3,3,4,1,11
"146",146,4,4,4,3,1,0,1,1,1,0,0,1,1,3,4,55,0,2,2,3,4,12
"147",147,4,4,4,3,1,0,1,1,1,0,0,1,1,3,4,55,0,2,2,3,4,12
"148",148,3,3,3,4,0,0,0,0,0,0,1,0,0,2,4,24,0,3,2,4,1,9
"149",149,4,4,4,4,1,1,1,1,0,1,0,1,1,3,2,29,0,2,1,4,2,12
"150",150,3,3,2,3,0,1,0,0,0,0,0,0,0,2,3,22,1,3,2,3,1,8
"151",151,3,4,4,3,1,1,0,0,0,1,1,0,0,2,2,25,0,1,1,4,2,11
"152",152,2,3,3,3,0,1,0,0,0,0,0,0,0,1,3,29,0,2,1,4,2,8
"153",153,4,4,4,3,1,0,0,0,1,0,1,0,1,3,3,24,1,3,2,4,1,12
"154",154,4,4,4,3,1,0,0,0,1,0,1,0,1,3,3,24,1,3,2,4,1,12
"155",155,3,3,3,3,1,0,0,0,0,0,1,0,1,2,1,25,1,3,1,4,2,9
"156",156,3,3,3,3,0,1,1,1,1,0,1,1,0,1,3,24,1,2,3,3,1,9
"157",157,3,4,4,3,0,1,1,0,0,1,1,0,0,2,4,24,1,3,1,3,1,11
"158",158,4,3,3,2,0,1,0,0,0,0,0,0,0,2,3,26,0,3,3,4,2,10
"159",159,3,4,3,4,1,1,0,0,0,0,0,0,1,2,5,25,0,3,3,4,2,10
"160",160,4,3,3,3,0,1,1,1,1,0,0,1,0,2,4,25,0,3,2,4,2,10
"161",161,4,3,3,4,1,1,0,0,0,0,1,0,1,3,4,26,1,3,3,4,2,10
"162",162,4,4,4,4,0,0,0,0,1,0,1,0,1,2,1,27,1,3,1,4,2,12
"163",163,4,3,4,3,1,1,0,1,0,0,0,0,1,3,4,25,1,3,1,4,2,11
"164",164,4,4,4,2,0,1,0,1,1,0,1,0,1,3,4,26,1,1,1,3,2,12
"165",165,4,4,4,2,1,1,0,0,0,0,1,0,1,2,3,24,0,3,2,4,1,12
"166",166,1,3,4,3,1,1,1,1,1,0,1,0,1,2,3,65,1,1,1,3,4,8
"167",167,3,4,4,3,0,1,0,0,0,0,1,0,1,2,4,29,0,1,1,4,2,11
"168",168,3,4,4,2,0,0,1,1,1,0,0,0,1,2,2,29,0,2,1,4,2,11
"169",169,3,4,4,3,1,1,0,0,0,0,1,0,1,2,3,33,0,3,1,4,2,11
"170",170,4,4,3,3,1,1,0,0,0,0,1,0,1,3,3,39,1,3,1,4,2,11
"171",171,4,4,4,3,1,1,1,1,1,0,1,0,1,3,3,55,1,3,1,2,4,12
"172",172,4,3,4,3,1,1,0,0,1,0,1,0,1,2,4,26,0,1,1,4,2,11
"173",173,2,4,4,3,0,0,0,0,0,0,1,0,0,2,3,29,0,1,2,4,2,10
"174",174,3,3,3,3,0,1,0,0,0,0,1,0,1,2,1,29,1,1,1,3,2,9
"175",175,3,4,4,3,1,1,0,1,0,1,1,0,1,2,3,31,0,3,2,3,2,11
"176",176,3,3,3,2,1,1,1,1,0,0,1,0,1,2,2,29,1,2,1,3,2,9
"177",177,3,3,4,3,1,0,1,0,0,1,0,0,1,2,1,30,0,2,1,4,2,10
"178",178,3,4,4,4,1,1,0,1,1,1,1,1,1,2,3,63,1,2,1,3,4,11
"179",179,4,4,4,4,1,1,1,1,1,0,1,0,1,3,2,25,0,2,2,4,2,12
"180",180,3,4,1,2,0,1,0,1,1,0,1,0,1,2,2,23,0,3,1,4,1,8
"181",181,3,3,3,3,0,1,0,0,0,0,1,0,0,2,4,35,0,2,1,4,2,9
"182",182,4,3,3,4,0,1,0,0,0,0,0,0,1,2,2,27,0,1,1,4,2,10
"183",183,4,4,4,2,1,1,0,0,0,0,1,1,0,3,4,49,0,3,1,4,3,12
"184",184,4,4,4,3,1,1,1,1,1,0,1,0,1,3,3,22,0,3,1,4,1,12
"185",185,4,4,3,3,0,1,0,0,0,0,1,0,0,2,3,25,0,2,1,4,2,11
"186",186,4,4,4,3,1,1,0,0,0,0,1,0,0,2,3,43,1,2,1,3,3,12
"187",187,4,4,4,4,1,1,0,0,0,0,0,0,1,3,3,24,0,3,1,2,1,12
"188",188,3,3,3,2,0,1,1,0,1,0,1,0,0,2,3,30,0,1,1,3,2,9
"189",189,3,3,3,2,0,1,0,1,1,0,1,0,0,2,3,40,0,3,1,3,3,9
"190",190,4,3,3,4,1,1,1,0,1,0,1,0,1,2,3,28,1,2,1,3,2,10
"191",191,4,4,4,4,1,1,0,0,0,0,0,0,1,3,3,24,0,3,1,2,1,12
"192",192,4,4,4,1,1,1,0,1,1,0,1,0,1,3,5,59,0,2,1,4,4,12
"193",193,3,4,4,4,0,1,0,1,0,0,1,1,0,2,3,25,0,2,1,3,2,11
"194",194,3,4,3,4,0,1,0,0,0,1,1,0,1,2,3,56,0,2,1,3,4,10
"195",195,3,3,3,4,0,0,0,0,1,0,1,0,1,2,2,39,0,2,2,4,2,9
"196",196,4,4,3,4,1,1,0,1,1,1,0,0,1,2,4,29,0,1,1,4,2,11
"197",197,3,3,3,4,0,1,1,1,1,0,0,0,1,2,4,23,0,3,3,4,1,9
"198",198,4,3,3,2,0,1,0,0,0,0,0,0,0,2,2,47,0,3,1,3,3,10
"199",199,4,3,2,4,1,1,1,0,1,1,1,0,1,3,4,61,1,2,1,3,4,9
"200",200,4,4,4,3,1,1,1,0,0,0,1,0,1,2,3,23,1,3,1,3,1,12
"201",201,4,3,4,4,1,1,0,1,1,0,1,0,1,2,3,25,1,3,2,3,2,11
"202",202,4,3,3,4,1,1,0,0,0,0,1,0,1,2,4,25,1,1,1,4,2,10
"203",203,4,4,4,4,1,1,1,1,1,1,1,1,1,3,4,57,0,2,2,3,4,12
"204",204,3,4,4,4,0,0,0,0,0,0,0,0,0,2,2,65,0,3,4,4,4,11
"205",205,4,4,4,3,1,1,0,0,0,0,1,0,1,3,3,59,0,3,2,4,4,12
"206",206,3,4,3,3,0,1,0,0,0,0,1,0,1,3,4,64,0,2,3,4,4,10
"207",207,3,3,4,4,1,0,0,0,1,0,0,0,1,2,2,63,0,2,1,3,4,10
"208",208,3,3,3,3,1,1,0,1,1,0,1,0,1,2,5,43,1,1,1,4,3,9
"209",209,3,4,4,3,1,1,0,1,1,0,1,0,1,2,3,52,0,2,2,4,3,11
"210",210,4,3,1,4,0,0,0,0,0,0,1,0,1,2,5,51,1,2,1,3,3,8
"211",211,4,4,4,4,1,0,0,1,0,1,1,0,1,2,3,58,0,2,1,4,4,12
"212",212,3,4,4,3,0,1,1,0,0,0,0,0,1,2,3,64,0,3,4,4,4,11
"213",213,4,4,4,3,1,0,1,1,1,0,1,1,1,3,3,59,0,2,2,4,4,12
"214",214,3,3,3,4,1,0,1,1,1,0,1,0,1,3,2,60,1,2,2,3,4,9
"215",215,3,3,3,3,1,1,0,0,0,1,1,0,1,2,3,34,1,1,2,4,2,9
"216",216,3,4,4,3,1,1,0,1,1,0,1,0,1,2,3,52,0,2,2,4,3,11
"217",217,3,3,3,2,1,0,0,0,0,0,0,1,1,2,5,59,0,1,3,4,4,9
"218",218,4,4,4,4,1,1,0,0,1,0,1,0,1,2,3,37,0,2,1,4,2,12
"219",219,3,4,4,3,0,1,1,0,0,0,0,0,1,2,3,64,0,3,4,4,4,11
"220",220,4,3,4,2,0,1,0,0,0,0,1,0,0,2,4,44,1,1,2,4,3,11
"221",221,3,4,4,4,1,1,0,0,0,0,1,0,1,3,5,57,0,1,2,4,4,11
"222",222,3,4,4,2,1,0,0,0,0,0,1,0,1,2,1,63,1,1,2,3,4,11
"223",223,3,4,4,3,1,1,0,0,0,0,1,1,1,3,3,67,1,2,2,3,4,11
"224",224,3,3,4,1,1,0,0,0,0,0,1,0,1,1,2,64,0,2,2,4,4,10
"225",225,4,3,2,4,1,1,1,1,1,1,1,0,1,3,3,51,0,3,1,4,3,9
"226",226,1,4,4,4,1,0,0,1,1,0,1,1,1,1,1,62,0,3,2,4,4,9
"227",227,3,4,4,4,1,1,0,1,0,0,1,1,1,2,4,33,0,2,1,4,2,11
"228",228,2,3,3,3,0,0,1,1,0,1,0,0,0,2,1,27,1,2,1,4,2,8
"229",229,4,4,4,3,1,1,0,0,0,1,0,0,0,2,2,21,0,3,1,3,1,12
"230",230,3,4,4,4,1,0,0,1,0,0,1,0,0,3,3,37,0,3,2,4,2,11
"231",231,4,4,4,3,1,1,0,0,1,0,1,0,1,2,3,49,1,2,1,3,3,12
"232",232,3,4,4,2,1,0,1,0,0,0,0,0,1,1,2,57,1,1,1,4,4,11
"233",233,3,4,2,4,1,0,0,0,0,0,1,0,1,2,2,55,0,2,1,4,4,9
"234",234,3,2,2,2,0,0,0,0,0,0,1,0,0,2,1,53,0,1,1,4,3,7
"235",235,3,3,4,4,1,1,0,0,0,0,1,1,1,2,3,71,0,2,4,4,4,10
"236",236,3,4,4,2,1,0,0,0,0,0,1,1,1,3,2,54,0,2,3,3,3,11
"237",237,4,4,4,3,1,1,1,1,1,0,1,0,1,3,2,45,0,2,1,3,3,12
"238",238,3,3,3,4,1,0,0,0,0,0,0,0,0,1,3,55,0,1,2,4,4,9
"239",239,4,3,4,4,1,0,0,0,0,0,1,0,1,2,3,56,0,2,1,4,4,11
"240",240,4,4,4,3,1,0,1,1,1,1,1,0,1,1,4,57,1,3,2,3,4,12
"241",241,3,3,3,2,0,0,0,0,0,0,0,0,0,1,2,54,1,3,1,4,3,9
"242",242,3,3,3,4,0,1,1,1,0,0,1,0,1,2,3,62,0,3,2,4,4,9
"243",243,3,3,3,2,1,1,1,1,0,0,1,1,1,2,2,51,1,3,3,4,3,9
"244",244,4,4,4,4,0,0,0,0,1,0,1,1,1,2,4,64,0,2,2,4,4,12
"245",245,3,4,4,4,1,0,0,0,0,0,1,1,1,3,2,69,1,2,2,4,4,11
"246",246,3,3,3,4,1,0,0,0,0,0,0,0,0,1,3,55,0,1,2,4,4,9
"247",247,3,4,4,4,1,0,0,0,0,0,1,0,1,2,3,55,0,3,2,4,4,11
"248",248,3,2,2,4,0,1,0,0,0,0,0,0,0,2,4,70,1,2,3,4,4,7
"249",249,2,3,3,4,0,0,0,0,0,0,1,1,1,1,3,52,1,3,2,4,3,8
"250",250,4,4,4,4,1,1,1,1,1,0,1,0,1,3,1,50,0,2,1,3,3,12
"251",251,3,4,4,3,1,1,0,0,0,0,1,1,1,3,3,67,1,2,2,3,4,11
"252",252,3,3,3,3,1,1,1,0,0,0,1,0,1,2,5,55,0,1,2,4,4,9
"253",253,3,4,2,4,1,0,0,0,0,0,1,0,1,2,2,55,0,2,1,4,4,9
"254",254,3,4,4,3,1,0,1,1,0,0,1,0,1,2,2,25,1,2,1,4,2,11
"255",255,3,4,4,3,0,1,1,1,1,1,1,0,0,2,3,36,0,2,1,4,2,11
"256",256,4,2,3,4,0,1,1,1,0,0,0,0,0,3,2,36,0,2,1,4,2,9
"257",257,4,4,4,4,0,1,0,1,1,0,1,0,0,2,4,26,0,1,1,4,2,12
"258",258,3,4,4,2,1,0,1,1,1,0,1,1,1,2,5,59,1,3,1,3,4,11
"259",259,3,3,3,4,1,0,0,0,0,0,1,0,1,1,1,57,0,1,1,2,4,9
"260",260,4,4,4,1,1,0,0,0,0,0,1,1,1,2,2,54,0,2,1,3,3,12
"261",261,4,3,3,4,1,1,0,0,0,1,1,0,0,2,3,64,0,2,2,3,4,10
"262",262,4,4,3,3,0,1,1,1,1,0,0,0,0,2,3,25,0,2,1,4,2,11
"263",263,3,4,3,2,1,0,0,0,0,0,0,0,1,2,5,62,1,2,1,3,4,10
"264",264,4,4,4,3,0,1,1,1,0,0,1,0,1,3,4,23,1,3,1,4,1,12
"265",265,3,4,3,4,0,1,0,0,0,1,1,0,1,2,3,56,0,2,1,3,4,10
"266",266,4,3,3,2,0,1,0,0,0,0,1,1,1,2,4,61,0,1,2,3,4,10
"267",267,4,3,3,4,0,0,0,0,1,1,1,0,1,2,3,56,0,2,2,4,4,10
"268",268,4,4,4,3,1,1,0,1,1,0,1,0,0,2,3,44,0,3,2,4,3,12
"269",269,2,3,4,4,1,0,1,1,0,0,1,0,1,1,4,38,0,3,1,3,2,9
"270",270,4,4,4,2,1,1,1,1,1,0,0,0,1,3,4,46,0,3,1,4,3,12
"271",271,4,4,4,3,1,0,1,1,1,0,1,0,1,3,3,51,1,3,2,4,3,12
"272",272,3,2,3,3,1,1,0,0,0,0,1,0,1,2,3,46,1,3,1,4,3,8
"273",273,4,4,4,4,1,1,0,1,0,0,1,0,1,2,3,57,0,1,1,3,4,12
"274",274,3,4,4,3,1,0,1,1,0,0,1,1,1,3,4,30,0,2,2,4,2,11
"275",275,1,3,4,2,0,0,0,0,0,0,0,0,1,1,5,54,0,2,1,2,3,8
"276",276,3,4,4,3,0,0,0,0,0,0,0,0,0,2,5,45,0,3,2,4,3,11
"277",277,3,3,2,3,0,1,0,1,0,0,1,0,1,2,3,47,0,3,3,4,3,8
"278",278,3,3,2,3,0,1,0,1,0,0,1,0,1,2,3,47,0,3,3,4,3,8
"279",279,3,4,4,3,1,1,0,1,1,0,0,0,0,2,3,60,0,2,1,2,4,11
"280",280,4,4,4,4,1,1,1,1,1,0,1,1,1,3,3,31,1,1,1,4,2,12
"281",281,3,3,4,4,0,1,0,0,0,1,1,0,0,1,1,47,1,2,1,3,3,10
"282",282,3,3,4,4,0,1,0,0,0,1,1,0,0,1,1,47,1,2,1,3,3,10
"283",283,3,4,4,3,1,0,1,1,1,0,1,0,1,2,3,41,0,3,1,4,3,11
"284",284,3,3,3,2,1,0,0,0,0,0,0,0,1,2,1,45,0,3,1,3,3,9
"285",285,4,4,3,2,1,1,0,0,0,0,1,0,0,2,2,45,1,3,1,4,3,11
"286",286,3,4,3,3,1,1,0,0,0,0,1,0,0,2,5,46,1,2,3,3,3,10
"287",287,3,3,3,4,0,1,0,0,0,0,0,0,1,2,5,42,0,3,2,3,3,9
"288",288,3,3,3,3,0,1,0,0,0,0,1,0,0,1,4,43,0,2,1,3,3,9
"289",289,4,4,4,4,1,1,1,1,1,0,1,0,1,3,4,46,1,3,1,3,3,12
"290",290,4,4,4,4,1,1,1,1,1,0,1,1,1,3,3,31,1,1,1,4,2,12
"291",291,4,4,4,3,1,1,0,0,0,0,1,0,1,3,2,47,1,2,1,3,3,12
"292",292,3,3,4,3,1,1,0,1,1,0,1,0,1,2,2,46,0,2,2,4,3,10
"293",293,3,3,4,3,0,0,0,1,0,0,1,0,1,1,1,46,0,3,1,4,3,10
"294",294,2,3,3,1,1,0,0,1,1,0,0,0,1,2,1,49,1,2,1,3,3,8
"295",295,4,3,3,3,1,1,0,1,1,0,1,1,1,3,3,49,1,2,2,4,3,10
"296",296,4,3,4,3,0,1,0,0,0,0,1,0,1,3,3,47,0,3,1,4,3,11
"297",297,2,4,4,3,0,1,0,1,0,0,0,0,1,1,2,24,1,4,3,4,1,10
"298",298,3,3,4,3,1,0,0,0,0,0,1,0,1,1,3,47,1,2,1,4,3,10
"299",299,4,4,4,4,1,1,1,1,1,0,1,1,1,3,3,31,1,1,1,4,2,12
"300",300,3,4,4,4,1,1,0,1,1,1,1,0,0,2,3,47,1,2,2,3,3,11
"301",301,3,3,4,4,1,1,0,1,1,0,1,1,1,2,3,48,1,2,1,3,3,10
"302",302,4,4,4,2,1,1,0,0,1,0,1,1,1,2,2,65,1,2,1,3,4,12
"303",303,4,4,4,3,1,1,0,0,1,0,1,1,1,3,3,66,0,2,1,4,4,12
"304",304,4,4,4,3,1,1,0,1,1,1,1,1,1,3,3,77,1,2,4,4,4,12
"305",305,3,3,2,4,1,1,0,0,0,0,1,1,0,2,2,51,1,3,1,4,3,8
"306",306,4,4,4,3,1,1,1,1,1,0,1,1,1,3,3,66,0,1,2,3,4,12
"307",307,4,4,4,2,1,1,0,0,0,0,1,1,1,2,5,68,0,1,1,2,4,12
"308",308,4,4,4,3,1,1,0,0,0,0,1,0,1,3,2,47,1,2,1,3,3,12
"309",309,3,3,3,3,0,0,0,0,0,0,0,0,0,2,3,43,0,3,4,4,3,9
"310",310,4,4,4,2,1,1,0,1,0,1,1,1,1,2,3,61,0,3,2,4,4,12
"311",311,3,2,2,3,0,1,0,0,0,0,0,0,0,2,4,34,0,2,1,4,2,7
"312",312,2,3,3,2,0,1,0,0,0,0,1,0,0,2,2,50,0,2,1,3,3,8
"313",313,4,4,4,3,1,1,0,0,1,0,1,0,1,2,2,43,0,2,1,4,3,12
"314",314,3,2,3,4,0,1,0,0,0,1,0,0,1,2,2,35,0,3,1,3,2,8
"315",315,4,4,4,4,1,1,1,1,0,0,1,0,1,3,5,47,0,2,1,3,3,12
"316",316,4,4,4,4,1,1,0,0,0,1,1,0,1,3,3,51,0,2,2,4,3,12
"317",317,3,4,4,3,0,1,0,0,0,0,0,0,1,2,4,22,0,3,1,3,1,11
"318",318,4,4,4,4,1,1,1,1,1,0,1,0,0,2,2,47,1,1,1,4,3,12
"319",319,4,4,3,3,0,1,0,0,0,0,0,0,1,2,3,48,0,3,1,4,3,11
"320",320,4,3,3,4,1,1,1,0,1,0,1,1,1,3,3,74,0,1,1,4,4,10
"321",321,3,4,4,4,1,0,0,0,1,0,1,1,1,2,3,53,1,3,3,4,3,11
"322",322,4,3,4,4,1,1,0,0,0,0,1,0,1,3,3,63,0,2,1,2,4,11
"323",323,3,3,4,4,1,0,1,1,0,0,1,0,1,2,3,38,1,2,1,3,2,10
"324",324,3,4,3,4,1,1,1,1,1,0,1,0,1,2,5,64,1,2,1,3,4,10
"325",325,4,3,3,2,1,1,0,1,1,0,0,0,1,3,4,46,0,2,2,4,3,10
"326",326,3,4,4,1,1,1,0,1,1,0,1,0,1,2,2,59,0,2,2,3,4,11
"327",327,2,3,3,3,0,0,0,0,0,0,1,0,0,1,3,60,1,1,3,3,4,8
"328",328,2,4,4,3,0,1,0,0,0,1,0,0,0,2,3,35,0,2,1,3,2,10
"329",329,3,3,3,4,1,1,0,0,0,0,1,1,1,2,3,53,1,2,2,4,3,9
"330",330,3,4,4,2,1,1,1,0,0,1,1,0,1,2,3,53,1,3,2,4,3,11
"331",331,4,3,3,2,0,1,1,1,0,1,1,0,1,2,4,45,0,2,2,4,3,10
"332",332,4,3,3,3,0,1,1,1,1,0,1,1,1,2,5,34,0,2,1,4,2,10
"333",333,4,4,4,2,1,1,1,1,1,0,0,1,1,3,3,40,1,2,1,4,3,12
"334",334,3,3,4,3,1,0,0,0,0,0,1,1,1,3,3,41,0,3,1,4,3,10
"335",335,3,3,4,2,1,0,0,0,0,0,0,0,0,1,3,49,0,2,1,3,3,10
"336",336,3,3,3,4,1,1,0,0,0,0,1,0,1,2,4,66,1,2,1,3,4,9
"337",337,3,3,2,4,0,0,0,0,0,0,1,0,0,2,3,45,1,3,1,3,3,8
"338",338,4,4,4,3,1,0,1,1,1,0,1,1,1,3,5,58,0,2,2,3,4,12
"339",339,3,4,4,2,1,1,0,0,0,0,1,0,1,3,5,28,0,1,1,2,2,11
"340",340,4,3,4,4,0,1,0,1,0,0,0,0,1,2,2,38,1,3,1,3,2,11
"341",341,4,3,4,2,1,0,0,0,0,0,0,0,1,2,3,32,0,2,1,4,2,11
"342",342,4,4,4,3,1,1,1,1,0,0,1,0,1,3,4,36,0,2,2,4,2,12
"343",343,3,4,4,4,1,1,0,0,0,0,0,0,1,2,5,50,0,3,1,2,3,11
"344",344,4,4,4,3,1,0,1,1,1,0,0,1,1,3,3,55,1,2,1,3,4,12
"345",345,4,4,4,3,1,1,1,1,1,0,0,0,1,3,4,51,0,3,1,3,3,12
"346",346,3,3,3,4,1,1,0,0,0,0,1,0,1,3,4,63,1,1,1,3,4,9
"347",347,3,3,4,3,1,1,0,1,0,0,1,1,1,3,2,43,0,3,2,4,3,10
"348",348,2,4,1,4,1,0,0,0,0,0,0,0,1,1,1,57,1,3,1,4,4,7
"349",349,3,3,3,4,1,0,0,1,1,1,1,0,1,2,1,44,0,3,1,1,3,9
"350",350,4,3,4,2,1,1,0,1,1,0,1,0,1,2,2,43,1,2,2,4,3,11
"351",351,4,4,4,3,1,1,0,0,0,0,1,0,0,2,5,55,1,2,2,2,4,12
"352",352,4,4,4,3,1,1,0,0,0,0,1,0,1,2,3,60,0,2,3,3,4,12
"353",353,3,3,3,2,0,0,0,0,0,0,1,0,0,2,3,37,0,2,2,4,2,9
"354",354,4,4,4,1,0,1,0,0,0,0,1,0,0,1,4,42,0,3,1,4,3,12
"355",355,3,3,3,3,1,0,0,1,1,1,1,0,1,2,3,41,1,3,1,3,3,9
"356",356,4,3,3,3,1,1,0,1,1,1,1,0,1,2,4,40,0,2,1,4,3,10
"357",357,3,4,4,1,0,0,0,0,0,0,1,0,1,2,2,49,0,2,1,3,3,11
"358",358,4,4,3,4,1,1,1,1,1,1,1,0,1,3,4,52,0,3,2,4,3,11
"359",359,2,4,4,4,0,1,0,0,0,0,1,0,1,2,3,44,1,2,1,3,3,10
"360",360,1,2,2,3,0,0,0,1,1,0,0,0,0,2,4,31,1,2,2,3,2,5
"361",361,4,4,4,4,0,1,0,1,1,0,1,0,1,3,4,52,0,2,2,3,3,12
"362",362,4,4,4,3,1,1,1,1,1,0,1,1,1,3,5,75,1,3,1,4,4,12
"363",363,2,2,2,2,0,0,1,0,0,0,1,0,0,2,1,26,1,3,1,4,2,6
"364",364,3,3,3,3,0,1,1,0,0,0,0,0,1,2,2,49,1,2,2,3,3,9
"365",365,3,3,4,4,0,1,0,0,1,1,1,0,0,2,2,46,0,2,1,3,3,10
"366",366,3,4,4,2,1,1,0,1,1,0,1,0,1,3,5,62,0,2,1,3,4,11
"367",367,4,4,4,2,0,1,0,1,0,1,1,1,0,2,4,67,0,2,1,3,4,12
"368",368,4,4,4,4,1,0,0,0,1,1,0,1,1,2,2,2,0,2,2,4,1,12
"369",369,3,3,3,4,0,1,0,0,1,1,0,0,1,1,2,22,1,3,2,3,1,9
"370",370,2,3,3,3,0,0,0,0,1,0,0,0,0,1,1,43,0,3,1,4,3,8
"371",371,4,4,4,2,0,0,0,1,1,1,1,0,1,2,5,32,0,2,1,3,2,12
"372",372,3,4,3,3,1,1,0,0,0,0,1,0,0,2,5,46,1,2,3,3,3,10
"373",373,3,4,4,2,0,1,0,1,0,0,1,1,1,3,3,48,0,2,2,4,3,11
"374",374,4,4,4,3,0,1,0,0,0,0,0,0,0,2,4,23,0,3,1,4,1,12
"375",375,2,3,3,3,0,0,0,0,1,0,1,0,0,1,2,42,0,3,1,3,3,8
"376",376,3,3,4,2,1,1,0,0,1,0,0,0,1,2,3,40,0,3,1,3,3,10
"377",377,3,4,4,3,1,1,0,1,1,0,1,0,1,2,3,52,0,2,2,4,3,11
"378",378,3,3,4,4,1,0,0,1,0,0,1,1,1,2,3,31,1,3,3,4,2,10
"379",379,4,4,4,4,1,0,0,0,0,0,1,0,1,2,2,24,1,3,2,4,1,12
"380",380,4,4,4,3,0,1,0,1,0,0,1,1,1,2,3,43,0,2,1,4,3,12
"381",381,4,3,3,3,1,1,1,1,1,1,1,0,1,2,3,24,0,2,3,4,1,10
"382",382,2,4,4,3,1,0,0,0,0,0,0,0,1,2,3,25,1,3,1,3,2,10
"383",383,4,3,4,3,0,1,1,0,0,0,0,0,1,2,4,18,0,3,3,2,1,11
"384",384,3,4,4,2,0,1,0,0,0,0,1,0,1,3,3,28,0,1,1,4,2,11
"385",385,3,4,4,3,1,0,1,1,0,0,1,0,1,2,4,21,0,3,2,3,1,11
"386",386,3,3,3,3,1,0,0,1,1,0,0,0,0,2,3,30,1,2,1,4,2,9
"387",387,3,2,3,3,0,1,0,1,1,0,1,0,0,2,3,29,0,3,1,4,2,8
"388",388,3,3,3,4,0,1,0,1,1,0,1,1,1,3,3,18,0,3,3,3,1,9
"389",389,4,4,4,3,0,1,0,0,0,0,0,0,0,2,4,23,0,3,1,4,1,12
"390",390,3,4,4,4,1,0,1,1,1,0,1,0,1,2,3,21,0,3,1,3,1,11
"391",391,3,3,3,3,0,0,1,0,1,0,0,0,1,2,3,15,0,3,1,2,1,9
"392",392,3,3,3,3,0,0,1,0,1,0,0,0,1,2,3,15,0,3,1,2,1,9
"393",393,4,4,4,4,1,1,1,0,0,0,0,1,0,2,4,23,0,3,1,4,1,12
"394",394,4,4,4,4,1,1,1,1,1,0,1,1,1,3,5,24,0,2,2,4,1,12
"395",395,3,3,3,4,0,0,0,0,0,0,0,0,1,2,2,25,0,3,1,4,2,9
"396",396,3,3,3,3,0,0,0,1,1,1,1,0,0,2,3,25,0,2,2,4,2,9
"397",397,4,4,4,3,1,1,0,0,0,1,1,0,0,2,4,25,1,2,1,3,2,12
"398",398,2,3,3,3,0,1,1,0,0,0,0,0,1,2,3,24,0,3,1,4,1,8
"399",399,3,3,3,3,0,1,0,1,1,1,0,1,1,2,4,25,0,3,3,4,2,9
"400",400,2,3,3,2,0,1,0,0,1,0,0,0,0,1,3,24,1,3,1,3,1,8
"401",401,3,3,3,2,0,1,0,0,0,0,1,0,1,2,5,26,0,3,1,4,2,9
"402",402,3,3,3,2,0,1,0,0,0,0,1,0,1,2,5,26,0,3,1,4,2,9
"403",403,3,3,3,2,0,1,0,0,0,0,1,0,1,2,5,26,0,3,1,4,2,9
"404",404,3,3,3,3,0,1,0,0,0,0,1,0,0,2,1,38,1,1,1,3,2,9
"405",405,2,2,2,2,0,0,0,0,0,0,0,0,0,1,1,63,1,2,1,2,4,6
"406",406,3,4,4,3,0,1,0,1,0,0,1,0,1,2,2,44,1,3,1,4,3,11
"407",407,4,4,3,3,1,1,0,0,0,0,1,1,1,2,5,42,0,3,2,3,3,11
"408",408,3,3,4,4,0,0,0,0,0,0,0,0,0,1,2,35,0,1,1,3,2,10
"409",409,4,4,3,3,1,1,0,0,0,0,0,0,1,2,3,25,0,3,1,4,2,11
"410",410,3,3,3,3,1,0,0,1,0,0,0,0,1,2,3,22,0,4,1,4,1,9
"411",411,3,3,3,3,1,1,1,0,0,0,0,0,1,3,3,20,0,3,1,4,1,9
"412",412,4,4,4,3,1,0,1,1,1,0,1,0,1,2,3,28,0,2,1,4,2,12
"413",413,4,4,4,3,0,1,0,1,0,0,1,0,1,2,4,22,0,4,4,4,1,12
"414",414,3,3,4,3,0,1,1,1,1,0,0,0,1,2,3,22,1,3,2,3,1,10
"415",415,3,3,3,3,0,0,0,0,0,0,0,0,1,1,2,29,0,1,1,4,2,9
"416",416,3,4,4,3,0,1,0,1,1,0,1,1,1,2,2,24,0,3,2,4,1,11
"417",417,3,3,4,2,1,0,0,0,0,0,1,0,1,2,3,27,0,3,3,4,2,10
"418",418,3,3,4,3,1,0,0,0,1,0,1,0,1,2,5,33,0,1,1,4,2,10
"419",419,4,4,4,3,0,1,0,0,0,1,1,0,1,2,3,31,1,1,1,4,2,12
"420",420,3,3,3,3,1,0,0,0,0,0,1,0,1,2,3,25,0,3,2,4,2,9
"421",421,3,4,4,3,1,0,0,1,0,0,1,0,0,2,3,33,0,2,1,4,2,11
"422",422,4,4,4,3,1,1,1,1,1,0,1,1,1,3,3,29,0,2,1,4,2,12
"423",423,2,3,4,3,0,0,0,1,1,0,0,0,0,2,1,44,0,2,2,4,3,9
"424",424,4,4,4,4,1,1,0,0,1,1,1,1,1,2,4,25,0,3,1,3,2,12
"425",425,3,3,3,2,1,1,0,1,0,0,1,0,0,2,2,23,0,3,2,4,1,9
"426",426,3,4,4,2,0,0,0,0,0,0,1,0,0,2,3,26,1,3,1,4,2,11
"427",427,4,4,4,2,0,1,0,0,0,1,1,0,1,2,3,24,0,3,1,3,1,12
"428",428,3,3,3,2,0,0,1,0,0,0,0,0,1,2,4,24,0,2,2,4,1,9
"429",429,3,2,2,3,0,0,0,0,0,0,1,0,1,3,4,28,1,2,1,4,2,7
"430",430,3,4,4,3,0,0,0,0,0,0,1,0,1,2,4,23,1,3,1,4,1,11
"431",431,4,3,3,4,1,0,1,1,1,0,1,0,1,2,3,24,1,2,1,4,1,10
"432",432,4,4,4,2,1,0,1,1,1,0,1,0,1,3,4,62,0,1,1,3,4,12
"433",433,4,3,3,3,1,1,1,1,1,0,1,0,1,3,4,23,1,2,2,3,1,10
"434",434,3,4,4,2,0,1,0,1,0,1,1,0,1,2,3,23,0,3,2,4,1,11
"435",435,4,4,4,4,1,0,0,0,0,0,1,0,1,2,3,25,0,1,1,4,2,12
"436",436,4,4,3,2,1,0,1,1,1,0,0,1,1,3,2,28,0,1,1,4,2,11
"437",437,2,4,4,4,1,1,1,1,0,1,1,0,1,3,4,23,1,3,3,3,1,10
"438",438,3,4,3,3,0,0,0,1,1,0,0,0,1,2,2,24,0,3,3,4,1,10
"439",439,4,4,4,3,1,1,0,0,0,1,0,0,1,3,3,54,0,3,1,3,3,12
"440",440,3,3,3,3,1,0,0,1,0,0,0,0,1,2,3,22,0,4,1,4,1,9
"441",441,3,3,3,3,0,0,1,0,1,0,0,0,1,2,3,15,0,3,1,2,1,9
"442",442,3,4,4,2,1,1,0,0,0,0,0,0,1,2,3,57,0,2,1,3,4,11
"443",443,4,3,3,3,1,1,0,0,0,0,1,0,1,2,2,44,1,2,1,4,3,10
"444",444,4,3,3,4,0,0,1,1,1,1,1,0,1,3,4,52,0,3,2,3,3,10
"445",445,4,3,3,4,1,0,0,1,1,0,0,0,1,2,4,50,0,3,2,3,3,10
"446",446,4,3,4,4,1,1,0,1,1,0,1,1,1,3,3,45,0,3,2,4,3,11
"447",447,3,4,4,3,1,1,0,0,1,0,1,0,1,2,3,24,0,2,1,4,1,11
"448",448,4,4,4,3,0,0,0,0,1,0,0,0,1,2,3,23,0,3,2,4,1,12
"449",449,4,4,4,4,1,0,0,0,0,0,1,0,1,2,3,25,0,1,1,4,2,12
"450",450,3,3,3,3,1,0,0,1,0,0,0,0,1,2,3,22,0,4,1,4,1,9
"451",451,3,3,3,3,0,1,0,0,0,0,1,0,1,2,3,42,0,3,1,3,3,9
"452",452,4,4,4,4,0,1,0,0,0,0,1,0,1,2,3,35,1,2,1,4,2,12
"453",453,4,4,4,4,1,1,0,0,0,0,0,0,1,1,2,57,0,2,1,2,4,12
"454",454,3,3,3,3,1,1,1,1,1,1,1,0,1,3,3,42,0,3,1,3,3,9
"455",455,4,4,4,4,0,1,0,0,0,0,1,0,1,2,3,35,1,2,1,4,2,12
"456",456,3,3,3,3,1,1,0,1,0,1,1,0,1,3,2,48,1,3,2,4,3,9
"457",457,4,3,4,4,0,1,0,0,0,0,0,0,1,3,1,45,1,3,2,3,3,11
"458",458,3,3,3,2,1,0,0,0,0,0,1,0,1,2,3,49,1,1,1,4,3,9
"459",459,4,4,4,2,1,0,0,1,1,0,0,0,1,3,4,56,0,3,1,3,4,12
"460",460,4,4,3,3,0,0,0,0,0,0,0,0,0,2,1,38,1,2,1,4,2,11
"461",461,4,4,4,4,1,1,0,0,0,0,0,0,1,1,2,57,0,2,1,2,4,12
"462",462,3,4,4,4,1,0,0,1,0,0,1,0,0,1,3,59,0,2,1,2,4,11
"463",463,4,4,4,2,1,0,0,0,0,0,1,0,1,1,3,60,1,2,1,3,4,12
"464",464,4,3,3,4,0,1,1,0,0,0,1,0,1,2,3,20,1,3,1,3,1,10
"465",465,3,3,3,3,0,1,0,0,0,1,0,0,1,2,4,21,1,3,2,3,1,9
"466",466,2,3,3,2,0,1,0,0,1,0,0,0,0,1,3,24,1,3,1,3,1,8
"467",467,4,3,4,3,1,1,1,1,1,1,1,0,1,4,5,45,0,4,1,3,3,11
"468",468,4,3,4,4,0,1,0,0,0,0,0,0,1,3,1,45,1,3,2,3,3,11
"469",469,3,3,3,4,1,1,0,1,0,0,1,0,1,3,2,38,1,1,1,3,2,9
"470",470,3,3,4,3,1,1,1,1,0,0,0,0,1,3,5,24,0,2,2,4,1,10
"471",471,4,4,4,3,1,1,0,1,0,0,1,0,0,3,3,26,1,3,3,4,2,12
"472",472,4,4,4,3,1,1,0,1,0,0,1,0,0,3,3,26,1,3,3,4,2,12
"473",473,3,4,4,2,0,1,0,0,0,0,1,0,1,2,3,34,0,3,1,4,2,11
"474",474,4,3,3,4,1,0,0,1,0,0,1,0,1,2,4,22,0,3,2,4,1,10
"475",475,4,4,4,2,1,1,0,0,0,0,0,0,1,3,3,36,0,2,2,4,2,12
"476",476,3,4,4,1,0,1,0,0,0,0,0,0,0,3,5,32,0,1,2,4,2,11
"477",477,4,4,4,4,1,1,0,1,0,1,1,1,1,2,4,35,1,1,2,4,2,12
"478",478,3,4,4,1,0,1,0,0,0,0,0,0,0,3,5,32,0,1,2,4,2,11
"479",479,3,4,4,4,1,1,0,1,0,0,0,0,0,2,2,31,1,1,2,3,2,11
"480",480,2,2,3,2,0,1,0,0,0,0,0,0,0,1,1,37,1,2,1,3,2,7
"481",481,4,4,4,4,1,0,1,1,1,1,0,1,1,3,4,35,1,3,3,3,2,12
"482",482,2,3,3,4,1,1,0,1,0,0,1,0,1,1,1,36,1,2,1,4,2,8
"483",483,1,1,1,1,0,0,0,0,0,0,0,0,0,1,1,39,1,1,1,3,2,3
"484",484,4,4,4,4,1,0,1,1,1,1,1,1,1,3,5,32,1,4,3,4,2,12
"485",485,3,3,4,4,1,1,1,1,1,0,1,1,1,2,3,35,1,2,2,3,2,10
"486",486,2,2,2,1,0,0,0,1,0,0,0,0,0,1,1,30,1,2,2,3,2,6
"487",487,3,3,4,3,0,1,0,1,0,0,1,1,1,2,2,39,1,3,3,4,2,10
"488",488,2,4,4,4,1,0,1,1,1,0,0,0,1,1,1,38,1,4,3,3,2,10
"489",489,3,4,3,4,1,0,1,1,1,0,1,1,1,2,4,36,1,1,3,4,2,10
"490",490,2,2,2,3,0,1,0,0,0,0,0,0,0,1,1,37,1,4,2,3,2,6
"491",491,3,4,4,3,1,1,0,0,1,1,1,0,1,3,4,39,1,3,2,3,2,11
"492",492,4,4,4,4,1,1,1,1,1,1,1,1,1,3,4,38,1,4,3,4,2,12
"493",493,2,3,3,2,0,1,0,0,0,1,0,0,0,1,2,37,1,2,1,3,2,8
"494",494,1,2,2,2,0,1,0,1,0,0,0,0,0,1,2,34,1,1,1,3,2,5
"495",495,3,3,3,3,1,1,1,1,0,1,0,0,1,2,4,35,1,2,1,2,2,9
"496",496,3,3,2,2,0,1,0,0,0,0,0,0,0,1,1,67,1,4,3,2,4,8
"497",497,4,4,4,4,1,0,1,1,1,0,1,1,1,3,5,65,1,3,3,2,4,12
"498",498,3,3,3,3,0,0,0,1,0,0,0,1,1,2,2,63,1,4,3,2,4,9
"499",499,1,1,1,1,0,0,0,0,0,0,0,0,0,1,1,71,1,3,1,2,4,3
"500",500,4,4,4,3,1,1,1,1,0,0,0,1,1,3,4,31,1,1,1,3,2,12
"501",501,4,4,4,3,1,1,1,1,1,0,1,1,1,3,3,60,0,2,2,4,4,12
"502",502,2,3,3,2,0,1,0,1,0,1,0,0,1,1,1,41,1,1,1,3,3,8
"503",503,3,4,4,4,1,0,1,1,1,1,1,0,1,2,3,42,1,3,2,3,3,11
"504",504,4,4,4,3,1,1,0,0,0,0,0,0,1,2,5,57,0,2,2,4,4,12
"505",505,4,4,4,2,1,1,0,0,0,1,0,0,0,2,5,30,1,2,2,4,2,12
"506",506,3,4,4,4,1,1,0,0,0,0,1,0,1,2,3,22,1,3,1,3,1,11
"507",507,3,3,3,4,1,1,0,1,1,1,1,1,1,3,2,45,1,2,2,4,3,9
"508",508,3,4,4,3,1,0,0,1,0,0,0,0,1,2,2,26,1,3,1,3,2,11
"509",509,4,4,4,4,0,0,0,0,0,0,0,0,1,2,2,57,0,3,1,3,4,12
"510",510,4,3,4,3,0,1,0,1,1,1,1,1,1,2,3,54,0,3,1,3,3,11
"511",511,3,4,4,2,1,1,1,1,1,0,1,1,1,2,3,54,1,3,2,2,3,11
"512",512,4,3,3,2,1,1,0,1,1,1,1,0,1,2,4,25,1,3,1,4,2,10
"513",513,4,3,4,3,0,1,0,1,0,1,1,0,1,2,4,21,0,3,1,3,1,11
"514",514,3,4,4,3,0,0,0,1,0,0,0,0,1,2,3,25,1,2,1,4,2,11
"515",515,2,3,3,3,0,1,1,0,0,0,1,0,0,2,3,22,1,3,3,4,1,8
"516",516,4,3,4,2,0,1,0,0,0,0,1,0,1,2,3,25,0,1,1,2,2,11
"517",517,3,4,4,2,0,0,0,0,0,0,1,0,1,2,1,25,0,2,3,4,2,11
"518",518,4,4,4,2,1,0,0,0,0,0,1,0,1,3,4,25,1,2,1,3,2,12
"519",519,4,3,3,3,1,1,1,1,1,0,1,0,1,3,3,21,0,2,2,3,1,10
"520",520,3,3,3,2,0,0,0,1,1,0,0,0,1,2,4,25,0,1,1,4,2,9
"521",521,4,4,4,1,0,0,1,1,1,0,1,0,0,3,2,23,0,3,1,2,1,12
"522",522,3,3,3,3,0,1,0,0,0,0,1,0,1,2,4,24,1,1,2,4,1,9
"523",523,4,3,4,4,0,0,0,1,0,0,1,0,1,2,3,21,0,3,4,3,1,11
"524",524,3,3,3,4,0,0,0,1,1,0,0,0,1,2,4,24,0,1,1,3,1,9
"525",525,3,3,4,4,0,1,0,0,0,0,0,0,1,2,2,24,0,3,1,3,1,10
"526",526,4,4,4,3,1,1,0,1,1,0,1,1,1,3,4,22,0,3,1,4,1,12
"527",527,4,4,4,2,1,1,1,1,1,0,1,0,1,3,3,20,0,3,2,3,1,12
"528",528,3,4,4,3,0,0,0,1,1,0,0,0,1,2,2,23,0,1,1,4,1,11
"529",529,2,4,4,3,0,0,0,0,1,0,0,0,0,2,1,22,0,2,2,3,1,10
"530",530,4,4,4,4,1,1,0,1,0,0,1,0,1,2,3,26,1,3,1,4,2,12
"531",531,3,3,4,2,1,0,0,0,0,0,0,1,1,2,2,21,1,3,4,4,1,10
"532",532,2,4,4,3,0,0,1,1,1,1,1,0,1,2,2,21,0,3,4,3,1,10
"533",533,4,3,3,3,1,0,0,1,1,0,1,0,1,2,2,24,1,3,1,4,1,10
"534",534,4,4,4,3,0,0,0,0,0,0,1,0,1,2,3,23,1,2,1,4,1,12
"535",535,3,4,4,2,0,1,0,1,0,0,1,0,0,3,1,27,1,2,1,2,2,11
"536",536,4,4,4,3,1,0,1,1,1,0,0,0,1,2,3,23,1,1,3,4,1,12
"537",537,3,3,3,3,0,1,0,1,1,0,1,0,1,2,3,23,0,3,4,4,1,9
"538",538,2,3,4,4,0,0,0,0,0,1,0,0,1,2,1,60,1,1,1,3,4,9
"539",539,3,3,3,2,0,1,0,0,0,0,0,0,0,2,2,24,0,3,1,4,1,9
"540",540,2,3,4,4,0,0,0,0,0,1,0,0,1,2,1,64,1,1,1,2,4,9
"541",541,4,4,4,4,0,1,1,0,0,0,0,0,0,2,3,23,0,3,1,4,1,12
"542",542,3,3,3,4,0,0,0,1,0,0,1,0,1,1,3,24,0,3,2,4,1,9
"543",543,4,4,4,2,1,0,1,0,1,0,0,0,1,3,4,25,0,1,1,4,2,12
"544",544,3,4,4,4,0,0,0,0,0,0,1,0,1,2,1,22,0,3,2,3,1,11
"545",545,3,2,2,3,0,1,0,0,0,1,1,0,0,2,3,23,0,3,1,4,1,7
"546",546,3,3,3,3,1,0,1,1,1,0,1,0,1,2,2,23,1,3,2,4,1,9
"547",547,4,4,3,3,0,0,1,1,0,0,0,0,1,2,4,24,0,3,4,4,1,11
"548",548,2,3,4,3,0,0,0,0,0,0,1,0,0,1,1,31,1,2,1,4,2,9
"549",549,3,3,3,3,0,0,0,1,1,0,1,0,1,2,3,25,0,2,1,4,2,9
"550",550,3,3,3,3,0,0,0,0,0,0,0,0,0,2,2,29,0,1,1,4,2,9
"551",551,4,4,4,2,1,1,0,0,0,1,0,0,0,2,5,30,1,2,2,4,2,12
"552",552,4,4,4,3,1,1,1,1,1,0,1,1,1,3,3,30,0,2,1,4,2,12
"553",553,3,4,4,3,1,1,0,0,0,0,1,1,1,3,3,67,1,2,2,3,4,11
"554",554,4,4,4,3,1,0,1,1,1,0,0,0,1,3,4,23,0,1,2,4,1,12
"555",555,4,4,3,2,1,1,0,1,0,0,0,0,1,2,3,24,1,3,1,3,1,11
"556",556,3,4,4,3,1,1,1,1,0,1,1,1,1,3,3,40,0,2,1,3,3,11
"557",557,2,2,3,2,0,0,0,1,0,0,0,0,0,1,1,60,1,3,1,3,4,7
"558",558,4,4,4,4,1,1,1,1,1,0,1,1,1,3,4,45,0,3,1,4,3,12
"559",559,3,4,4,3,1,0,0,1,0,1,1,1,1,2,3,50,0,1,1,3,3,11
"560",560,2,3,3,2,0,0,0,0,0,0,0,0,0,1,2,45,1,3,1,4,3,8
"561",561,3,3,3,3,0,0,0,1,0,0,0,0,0,1,1,53,1,3,2,3,3,9
"562",562,2,2,3,2,0,1,0,0,0,0,0,0,0,1,1,37,1,1,1,4,2,7
"563",563,2,3,3,2,0,0,0,1,0,0,0,0,1,3,3,23,1,2,4,4,1,8
"564",564,3,4,4,4,1,1,1,1,0,1,1,0,1,3,4,39,1,2,1,4,2,11
"565",565,3,3,3,3,0,1,0,0,1,1,1,0,0,2,2,45,0,3,2,4,3,9
"566",566,3,3,3,3,1,1,1,0,1,0,1,0,1,3,3,59,0,4,1,3,4,9
"567",567,4,4,4,3,1,1,1,0,1,0,1,1,1,3,3,32,0,1,1,4,2,12
"568",568,3,4,3,3,1,1,1,0,1,0,1,0,1,3,3,51,0,3,2,4,3,10
"569",569,3,3,3,3,0,0,0,1,1,1,0,1,1,3,4,31,0,1,2,4,2,9
"570",570,2,3,3,2,0,0,0,0,0,0,0,0,0,2,2,65,1,4,2,3,4,8
"571",571,4,3,4,2,1,1,1,0,0,0,0,0,1,2,2,37,0,2,2,4,2,11
"572",572,3,3,3,3,1,0,0,0,0,1,1,0,1,2,3,35,1,1,1,4,2,9
"573",573,3,3,4,3,0,0,0,1,0,1,0,1,1,2,2,36,1,3,2,3,2,10
"574",574,4,4,4,4,1,1,1,1,0,0,1,1,1,3,4,41,0,1,1,4,3,12
"575",575,3,3,3,1,0,1,1,0,0,0,1,0,1,2,3,35,1,2,2,3,2,9
"576",576,2,3,3,3,1,0,0,1,0,0,0,0,1,1,1,47,1,3,2,3,3,8
"577",577,3,3,4,2,1,0,1,1,1,1,0,0,1,3,3,36,1,1,2,4,2,10
"578",578,1,2,2,1,0,0,0,0,0,0,0,0,0,1,1,60,0,3,1,2,4,5
"579",579,2,3,3,2,0,1,0,0,0,0,0,0,0,2,1,39,1,3,1,3,2,8
"580",580,1,1,1,1,0,0,0,0,0,0,0,0,0,1,1,51,1,1,1,2,3,3
"581",581,4,4,4,2,0,0,1,0,1,0,0,1,1,3,4,34,1,1,1,4,2,12
"582",582,3,4,4,3,1,0,0,0,0,1,1,0,1,3,3,37,0,2,1,4,2,11
"583",583,2,2,2,3,0,1,0,0,0,0,0,0,0,1,1,35,0,2,1,4,2,6
"584",584,2,3,3,2,0,0,0,1,0,1,1,0,0,2,2,43,0,1,2,4,3,8
"585",585,4,4,4,3,1,0,1,1,1,0,1,0,0,2,2,32,0,1,1,3,2,12
"586",586,1,1,1,2,0,0,0,1,0,0,0,0,0,1,2,65,1,3,1,3,4,3
"587",587,3,3,3,4,0,0,1,0,0,1,0,0,0,2,2,32,0,1,1,4,2,9
"588",588,3,4,4,4,1,1,0,1,0,1,1,1,1,3,4,32,1,1,1,4,2,11
"589",589,3,3,3,2,0,1,1,0,0,0,0,0,0,1,2,39,1,2,2,3,2,9
"590",590,2,2,3,2,0,0,0,0,0,0,1,0,0,1,1,34,1,2,2,4,2,7
"591",591,3,3,3,3,1,0,1,1,1,1,0,0,0,3,4,36,0,2,2,4,2,9
"592",592,2,3,3,2,0,0,0,0,0,0,0,0,0,1,2,34,0,2,1,3,2,8
"593",593,4,3,3,4,1,0,0,1,1,1,1,0,1,3,3,39,0,3,1,3,2,10
"594",594,3,3,3,3,1,1,0,1,0,1,1,0,1,3,3,39,1,3,2,4,2,9
"595",595,3,4,4,2,1,0,1,1,1,1,0,0,1,4,3,38,1,2,2,4,2,11
"596",596,2,1,2,1,0,1,0,0,0,0,0,0,0,1,1,68,1,2,1,2,4,5
"597",597,2,3,4,3,0,0,1,0,0,0,0,0,0,2,2,38,1,1,1,3,2,9
"598",598,3,3,4,2,0,1,0,0,0,1,0,0,0,2,2,38,1,1,1,3,2,10
"599",599,4,4,4,4,1,1,1,1,1,1,1,1,1,3,4,31,0,1,2,4,2,12
"600",600,3,3,4,3,0,0,1,0,0,0,0,0,0,2,2,41,0,3,2,3,3,10
"601",601,1,2,2,1,0,1,0,0,0,0,0,0,0,1,1,43,1,1,1,4,3,5
"602",602,3,3,3,4,0,0,1,1,1,1,1,1,1,3,3,34,1,1,2,4,2,9
"603",603,2,2,2,2,1,0,1,1,1,0,0,0,0,1,1,45,0,1,1,3,3,6
"604",604,3,3,3,4,1,1,1,1,0,1,1,0,1,3,3,46,1,3,1,2,3,9
"605",605,3,3,3,3,0,1,0,0,0,0,1,0,1,2,2,50,0,2,1,4,3,9
"606",606,1,3,3,2,0,1,0,0,0,0,0,0,0,1,1,54,1,1,1,3,3,7
"607",607,2,3,3,3,1,0,0,0,0,0,0,0,1,1,2,49,1,3,2,3,3,8
"608",608,2,2,2,1,0,0,0,0,1,0,0,0,0,1,1,33,0,1,1,3,2,6
"609",609,1,1,1,1,0,0,0,0,0,0,0,0,0,1,1,67,1,2,1,2,4,3
"610",610,4,4,4,4,1,1,1,1,1,0,1,1,1,3,4,41,0,2,2,4,3,12
"611",611,3,3,3,3,0,0,0,1,0,1,1,0,0,2,2,49,0,3,1,3,3,9
"612",612,3,3,3,2,0,0,1,1,1,0,0,0,0,2,2,34,1,1,1,4,2,9
"613",613,4,3,4,2,1,0,0,0,0,0,0,0,1,2,2,31,0,1,1,4,2,11
"614",614,2,2,2,3,1,1,1,0,0,0,0,0,0,2,2,37,1,2,1,3,2,6
"615",615,3,3,3,2,1,0,0,1,0,1,0,0,1,3,4,33,1,1,1,4,2,9
"616",616,4,4,4,4,1,0,1,1,0,0,1,1,1,3,4,55,0,3,2,4,4,12
"617",617,2,3,3,2,0,1,0,0,0,0,1,0,0,2,2,43,1,3,2,3,3,8
"618",618,3,3,3,3,0,0,0,1,0,1,1,0,0,2,2,39,0,1,1,4,2,9
"619",619,1,1,1,1,0,0,0,0,0,0,0,0,0,1,1,58,0,2,1,2,4,3
"620",620,3,3,4,4,0,0,0,1,0,0,1,0,1,2,3,31,0,1,1,4,2,10
"621",621,3,4,4,3,1,0,1,0,1,1,1,1,1,3,4,39,0,2,3,4,2,11
"622",622,4,3,3,4,1,1,0,0,1,1,0,1,0,2,4,33,0,1,2,4,2,10
"623",623,3,4,4,2,1,0,0,0,1,0,1,0,1,2,3,33,0,1,1,4,2,11
"624",624,3,3,3,4,1,0,1,0,1,0,1,0,1,2,5,43,0,3,2,3,3,9
"625",625,3,4,3,4,1,0,0,1,1,1,0,0,1,3,2,33,0,2,1,4,2,10
"626",626,4,4,4,3,0,1,1,1,0,0,0,0,1,2,2,36,0,3,1,4,2,12
"627",627,4,4,4,3,0,1,0,0,0,0,1,0,1,3,3,30,1,2,1,4,2,12
"628",628,4,4,4,3,1,1,1,1,0,0,0,0,1,2,5,25,0,3,1,4,2,12
"629",629,4,4,4,3,1,1,1,1,1,1,1,1,1,2,4,36,1,2,2,4,2,12
"630",630,4,4,4,2,1,0,0,1,1,0,0,0,1,3,2,35,1,1,2,4,2,12
"631",631,4,3,3,4,1,1,1,0,1,1,1,0,1,3,4,35,0,2,1,4,2,10
"632",632,3,3,3,3,1,0,0,1,0,0,1,0,1,2,4,33,1,2,2,4,2,9
"633",633,4,4,4,3,1,1,0,1,0,0,0,0,1,2,4,33,1,2,1,4,2,12
"634",634,4,4,4,3,1,0,1,1,1,0,0,0,0,3,3,26,1,2,1,4,2,12
"635",635,3,4,3,3,1,0,0,0,0,0,1,0,1,2,2,38,1,3,2,3,2,10
"636",636,4,4,4,4,0,1,1,1,0,0,1,0,1,3,3,32,1,2,1,4,2,12
"637",637,4,3,4,3,1,1,0,0,0,0,0,0,1,3,3,34,1,1,1,4,2,11
"638",638,2,3,4,3,1,0,1,1,1,0,0,0,1,2,1,35,1,2,1,4,2,9
"639",639,4,4,4,4,1,0,0,0,0,0,0,0,1,2,1,47,1,3,2,4,3,12
"640",640,3,2,4,3,1,0,0,0,0,0,0,0,0,2,3,30,1,2,2,4,2,9
"641",641,3,3,3,2,0,1,0,0,0,0,0,0,0,2,3,35,1,1,1,4,2,9
"642",642,4,4,4,2,0,1,1,1,1,0,0,0,1,3,2,57,0,2,1,3,4,12
"643",643,1,4,4,3,1,1,0,0,0,1,1,0,1,2,1,62,1,1,1,2,4,9
"644",644,3,4,4,3,1,0,1,1,1,0,1,1,1,3,4,34,0,1,1,4,2,11
"645",645,3,3,3,2,1,1,0,0,0,0,0,0,1,2,3,34,0,2,2,4,2,9
"646",646,4,3,3,3,1,1,1,0,0,1,1,1,1,2,3,36,0,2,1,4,2,10
"647",647,4,4,4,2,1,0,0,0,0,0,0,0,1,3,2,33,0,2,2,4,2,12
"648",648,4,3,4,3,0,0,1,0,0,0,1,1,1,2,4,69,0,1,2,4,4,11
"649",649,4,4,4,3,1,0,0,1,1,0,1,0,1,3,4,44,0,1,2,4,3,12
"650",650,3,4,4,3,1,1,0,1,0,0,1,0,0,2,3,55,1,3,2,3,4,11
"651",651,2,2,2,1,0,1,0,0,1,0,0,0,0,1,2,50,1,3,2,4,3,6
"652",652,2,3,3,2,0,1,0,0,1,0,0,0,0,1,2,57,0,2,1,3,4,8
"653",653,4,4,4,4,1,0,1,1,1,0,1,1,1,3,4,52,1,3,3,4,3,12
"654",654,1,1,1,1,0,0,0,0,0,0,0,0,0,1,1,67,1,1,1,2,4,3
"655",655,3,3,4,4,0,0,0,0,0,1,1,0,0,2,2,40,1,2,1,4,3,10
"656",656,4,4,3,4,1,0,0,1,0,0,1,0,1,3,3,68,0,3,2,4,4,11
"657",657,4,4,4,2,1,1,1,1,1,0,0,0,1,3,3,51,0,2,2,3,3,12
"658",658,4,4,4,3,1,1,0,1,1,0,1,1,1,3,3,34,0,1,1,4,2,12
"659",659,3,3,3,2,0,0,0,0,0,0,0,0,0,1,2,37,0,1,1,4,2,9
"660",660,4,4,4,3,1,1,0,1,1,0,1,1,1,3,4,30,0,2,1,4,2,12
"661",661,2,4,4,4,0,0,1,1,0,0,1,0,1,2,3,38,0,2,1,4,2,10
"662",662,3,3,3,3,1,1,1,1,1,1,1,0,1,3,4,49,0,2,1,3,3,9
"663",663,4,4,4,4,1,1,1,1,1,1,1,1,1,3,4,61,1,3,3,3,4,12
"664",664,2,2,2,1,0,1,0,0,0,0,0,0,0,1,1,60,0,1,1,3,4,6
"665",665,3,3,3,3,0,1,0,1,0,0,1,0,1,3,4,59,1,2,2,3,4,9
"666",666,1,2,3,2,0,0,0,0,0,0,0,0,0,1,1,63,1,3,1,3,4,6
"667",667,4,4,4,4,1,0,1,1,1,1,1,1,1,3,5,68,1,1,1,3,4,12
"668",668,2,2,2,2,0,0,0,0,1,1,0,0,0,2,2,37,1,2,1,4,2,6
"669",669,1,1,1,1,0,0,0,0,0,0,0,0,0,1,1,51,1,2,1,2,3,3
"670",670,4,4,4,4,1,1,1,1,1,0,1,1,1,3,5,54,0,2,2,3,3,12
"671",671,3,3,3,3,0,0,1,1,1,0,1,0,1,3,3,49,1,3,3,4,3,9
"672",672,2,3,3,3,0,0,1,0,0,1,1,0,0,2,2,37,1,2,1,3,2,8
"673",673,2,3,3,2,0,1,1,0,0,0,0,0,0,2,1,41,0,3,1,3,3,8
"674",674,3,3,4,1,1,0,1,1,1,1,0,1,0,2,3,33,0,1,2,4,2,10
"675",675,4,4,4,2,1,0,1,0,0,0,0,1,1,2,4,38,1,2,2,4,2,12
"676",676,2,3,3,3,0,0,1,0,0,0,0,0,1,2,2,36,1,2,1,4,2,8
"677",677,3,3,3,3,1,0,1,1,1,0,1,1,1,3,4,34,0,1,1,4,2,9
"678",678,1,1,1,1,0,0,0,0,0,0,0,0,0,1,1,43,1,1,1,3,3,3
"679",679,4,4,4,4,1,1,1,1,1,1,0,1,1,3,4,65,0,3,2,3,4,12
"680",680,2,2,2,2,0,0,0,1,0,0,0,0,0,1,2,47,0,1,1,3,3,6
"681",681,3,3,4,3,1,0,1,1,1,0,1,0,1,3,3,34,0,2,2,4,2,10
"682",682,3,3,3,3,1,1,1,1,1,0,0,0,1,3,4,45,1,3,2,3,3,9
"683",683,2,2,2,2,0,0,0,1,0,0,0,0,0,1,1,39,1,2,1,3,2,6
"684",684,4,4,4,4,1,1,1,1,1,0,1,1,1,3,4,40,1,3,2,4,3,12
"685",685,1,2,2,1,0,0,0,0,0,0,0,0,0,1,1,56,1,2,1,3,4,5
"686",686,3,4,4,4,1,0,1,1,1,0,0,1,1,3,3,47,0,3,1,4,3,11
"687",687,3,3,3,3,1,1,0,1,1,1,1,0,1,3,2,45,0,2,1,3,3,9
"688",688,3,3,3,3,1,1,0,1,1,1,1,0,1,2,1,58,0,3,1,3,4,9
"689",689,3,3,4,4,1,1,1,1,1,1,1,1,1,3,2,46,1,2,2,4,3,10
"690",690,3,3,3,3,1,1,1,1,0,0,1,1,1,3,3,43,0,2,2,4,3,9
"691",691,3,3,3,3,0,1,0,1,0,0,1,0,1,3,2,51,0,2,1,3,3,9
"692",692,4,4,4,4,1,1,1,1,1,1,1,1,1,3,2,41,1,3,2,4,3,12
"693",693,3,3,3,4,1,0,0,1,0,0,1,0,1,2,1,43,0,1,1,3,3,9
"694",694,3,4,4,4,1,1,1,1,1,1,1,1,1,3,2,39,1,1,1,4,2,11
"695",695,3,3,3,4,1,1,1,1,1,1,1,0,1,3,3,42,0,2,1,3,3,9
"696",696,3,3,3,4,0,0,0,0,0,1,1,0,1,2,1,46,1,2,1,3,3,9
"697",697,2,3,3,3,0,0,0,0,0,0,0,0,1,2,1,40,1,1,1,4,3,8
"698",698,3,3,3,3,1,1,1,1,1,1,1,0,1,2,2,55,0,3,1,3,4,9
"699",699,2,2,2,3,0,0,0,1,1,0,0,0,1,2,1,74,1,1,1,2,4,6
"700",700,3,3,3,3,1,1,1,1,1,1,1,1,1,4,3,47,0,3,2,4,3,9
"701",701,2,3,3,4,0,0,1,1,1,0,1,0,1,2,1,41,1,2,1,3,3,8
"702",702,4,4,4,4,1,1,1,1,1,0,1,1,1,3,2,54,0,3,2,4,3,12
"703",703,2,3,3,3,0,0,0,1,0,0,1,0,1,2,1,41,1,2,1,3,3,8
"704",704,3,3,3,3,1,1,0,1,0,0,1,0,1,2,1,57,0,1,1,3,4,9
"705",705,2,3,3,3,0,0,0,1,0,0,0,0,1,1,1,59,1,1,1,3,4,8
"706",706,4,4,4,4,1,1,1,1,1,0,1,1,1,3,4,39,0,2,2,4,2,12
"707",707,3,3,3,3,1,1,0,0,0,0,0,0,1,2,2,50,1,2,1,3,3,9
"708",708,4,3,4,4,1,1,0,0,0,0,0,1,1,2,2,45,0,1,2,4,3,11
"709",709,3,3,3,1,1,0,0,0,1,0,0,1,0,2,1,52,1,2,1,3,3,9
"710",710,2,3,3,2,0,0,0,1,0,0,1,0,0,2,2,54,0,2,1,3,3,8
"711",711,3,3,3,1,1,0,0,0,0,0,0,0,0,2,2,55,0,3,2,4,4,9
"712",712,1,2,2,1,0,0,0,0,0,0,0,0,0,2,1,56,1,2,1,3,4,5
"713",713,3,3,4,2,1,0,0,0,0,0,0,0,0,2,2,55,1,3,2,3,4,10
"714",714,2,2,2,1,0,0,0,0,0,0,0,0,0,2,1,65,1,2,1,2,4,6
"715",715,2,2,2,2,0,0,0,0,0,0,0,0,0,2,2,60,0,2,1,3,4,6
"716",716,2,1,1,1,0,0,0,0,0,0,0,0,0,2,1,67,0,1,1,2,4,4
"717",717,2,2,2,3,0,0,0,0,0,0,1,0,0,2,2,53,0,2,1,3,3,6
"718",718,3,4,4,3,1,1,0,0,1,1,0,1,1,3,3,48,0,3,2,4,3,11
"719",719,1,1,1,1,0,0,0,0,0,0,1,0,0,1,1,55,1,1,1,3,4,3
"720",720,4,4,4,3,1,0,0,1,1,0,0,1,1,3,3,49,0,2,2,4,3,12
"721",721,3,3,4,2,1,0,0,0,1,0,0,1,0,2,2,46,1,1,2,4,3,10
"722",722,2,2,2,1,0,0,0,0,0,0,1,0,0,1,1,67,1,1,1,2,4,6
"723",723,2,2,3,2,0,1,1,0,0,1,1,0,0,1,1,41,1,2,1,2,3,7
"724",724,3,3,3,2,0,1,1,0,0,0,0,0,0,1,2,45,0,3,1,3,3,9
"725",725,2,3,3,2,0,1,1,1,0,0,1,0,0,1,2,44,0,2,2,3,3,8
"726",726,3,3,3,2,0,1,0,0,0,1,0,0,1,3,3,51,0,3,2,3,3,9
"727",727,3,3,3,2,0,0,1,1,1,1,0,1,0,3,4,46,1,2,1,4,3,9
"728",728,3,3,2,3,0,0,1,1,0,0,0,0,0,3,3,57,0,3,1,3,4,8
"729",729,2,2,3,2,0,1,0,0,0,0,1,0,0,1,1,58,0,1,1,3,4,7
"730",730,2,2,3,2,0,1,0,0,0,0,1,0,0,1,1,58,0,1,1,3,4,7
"731",731,3,3,3,3,1,1,1,1,1,0,1,1,1,3,2,43,0,1,1,3,3,9
"732",732,3,3,4,3,1,1,0,1,1,1,1,0,1,2,1,59,0,2,1,3,4,10
"733",733,2,2,2,2,0,0,0,0,0,0,0,0,1,2,1,66,1,2,1,2,4,6
"734",734,3,3,3,2,0,0,0,1,0,0,0,0,0,2,1,71,1,1,1,2,4,9
"735",735,4,4,4,3,1,1,1,1,1,0,1,1,1,3,4,40,0,1,1,3,3,12
"736",736,3,3,4,2,1,1,1,1,1,0,1,0,1,2,2,42,1,2,2,4,3,10
"737",737,2,3,3,2,0,0,0,0,0,0,0,0,1,1,1,67,1,2,1,2,4,8
"738",738,3,3,3,3,1,1,1,1,1,0,1,1,1,2,2,38,0,1,1,4,2,9
"739",739,3,3,4,3,1,1,1,1,1,0,1,1,1,3,3,35,1,1,1,4,2,10
"740",740,2,3,3,3,1,1,1,1,1,0,1,0,1,2,2,39,0,2,1,4,2,8
"741",741,3,3,4,2,1,1,1,1,1,1,1,0,1,2,1,35,0,1,1,3,2,10
"742",742,3,4,4,2,1,1,1,1,1,0,1,1,1,2,2,41,1,2,1,4,3,11
"743",743,2,3,3,2,0,1,1,1,1,1,1,1,1,2,2,43,0,2,1,3,3,8
"744",744,2,3,3,2,0,0,0,0,1,0,1,0,1,2,1,45,0,2,1,3,3,8
"745",745,2,2,2,2,0,0,0,0,0,0,0,0,0,1,1,69,1,2,1,2,4,6
"746",746,2,3,3,2,0,0,0,0,0,0,0,0,1,1,1,65,1,2,1,2,4,8
"747",747,3,3,3,2,1,1,1,1,1,0,1,0,1,3,2,44,0,2,1,3,3,9
"748",748,3,3,3,2,1,1,1,1,1,0,1,0,1,2,1,41,0,2,1,3,3,9
"749",749,3,3,3,2,1,1,1,1,1,0,1,0,1,2,2,45,1,2,2,4,3,9
"750",750,2,3,3,2,0,0,0,0,1,0,0,0,1,2,1,57,0,2,1,3,4,8
"751",751,4,4,4,3,1,1,1,1,1,0,1,1,1,3,4,44,0,3,2,4,3,12
"752",752,4,4,4,4,1,1,1,1,1,0,1,1,1,3,4,38,1,1,2,4,2,12
"753",753,2,2,2,1,0,0,0,0,0,0,0,0,1,1,1,69,0,1,1,2,4,6
"754",754,3,4,4,2,1,1,1,1,1,0,1,1,1,3,3,43,1,2,2,4,3,11
"755",755,2,3,3,2,0,0,0,0,1,0,0,0,1,1,1,55,1,2,1,3,4,8
"756",756,3,3,3,3,1,1,1,1,1,0,1,1,1,3,3,50,1,3,2,3,3,9
"757",757,3,4,4,2,1,1,1,1,1,0,1,0,1,2,2,49,0,2,1,3,3,11
"758",758,2,3,3,2,0,0,0,0,1,0,0,0,0,1,1,69,0,1,1,2,4,8
"759",759,2,2,2,2,0,0,0,0,0,0,0,0,0,1,1,41,1,1,1,3,3,6
"760",760,3,3,3,3,1,0,0,0,0,0,0,0,0,2,1,35,0,2,2,4,2,9
"761",761,2,2,2,2,0,0,0,0,0,0,0,0,0,2,2,51,1,3,1,3,3,6
"762",762,3,4,4,3,1,1,0,0,0,0,0,0,0,2,2,53,0,2,1,3,3,11
"763",763,4,4,4,3,1,0,0,0,1,0,0,0,0,2,2,40,0,2,2,4,3,12
"764",764,2,2,2,1,0,0,0,0,0,0,0,0,0,1,1,35,1,2,1,3,2,6
"765",765,3,3,3,2,1,0,0,0,1,0,0,0,0,2,2,46,1,3,2,4,3,9
"766",766,3,3,3,3,1,1,0,0,1,0,0,0,0,2,2,39,0,1,1,3,2,9
"767",767,2,2,2,2,0,0,0,0,0,0,0,0,0,2,1,47,1,3,1,3,3,6
"768",768,3,3,3,3,1,0,0,0,1,0,0,0,0,2,2,44,1,1,2,3,3,9
"769",769,2,3,3,2,1,0,0,0,0,0,0,0,0,2,1,35,1,1,1,3,2,8
"770",770,3,3,3,3,1,0,0,0,0,0,0,0,0,2,2,56,0,2,1,3,4,9
"771",771,2,2,2,2,0,0,0,0,0,0,0,0,0,1,1,65,1,1,1,2,4,6
"772",772,3,3,4,3,1,0,0,0,1,0,0,0,0,2,2,46,1,2,2,4,3,10
"773",773,2,3,4,2,1,0,0,0,0,0,0,0,0,2,2,51,0,3,2,3,3,9
"774",774,2,3,4,3,1,1,0,0,1,0,0,0,1,2,2,48,1,2,2,4,3,9
"775",775,3,3,3,3,1,0,0,0,0,0,0,0,0,2,2,39,1,2,1,3,2,9
"776",776,2,2,2,1,0,0,0,0,0,0,0,0,0,1,1,68,1,1,1,2,4,6
"777",777,3,3,4,2,1,0,0,0,0,0,0,0,0,2,2,51,0,3,2,3,3,10
"778",778,3,3,4,4,1,0,0,0,1,1,0,0,1,2,2,53,0,3,2,4,3,10
"779",779,2,1,2,2,0,0,0,0,0,0,0,0,0,1,1,67,1,1,1,1,4,5
"780",780,4,4,4,4,1,1,1,0,1,1,0,1,1,3,3,47,0,3,2,4,3,12
"781",781,2,2,2,2,0,0,0,0,0,0,0,0,0,2,1,68,0,1,1,2,4,6
"782",782,1,2,2,2,0,0,0,0,0,0,0,0,0,1,1,43,0,2,2,3,3,5
"783",783,2,2,1,1,0,0,1,1,1,0,1,0,0,1,2,30,0,1,1,4,2,5
"784",784,3,3,3,3,0,0,0,1,0,0,0,0,1,2,2,19,0,3,2,3,1,9
"785",785,3,3,3,3,0,0,0,0,0,0,1,1,1,3,4,67,1,2,2,3,4,9
"786",786,3,3,4,2,0,0,0,0,0,0,1,0,1,2,2,27,1,2,1,4,2,10
"787",787,4,3,4,2,1,1,1,1,1,0,1,0,1,2,3,24,0,3,1,4,1,11
"788",788,3,3,3,3,1,0,0,0,0,1,1,0,1,2,2,39,0,1,1,4,2,9
"789",789,2,2,2,1,0,0,0,0,0,0,0,0,0,1,2,65,0,3,2,3,4,6
"790",790,3,3,3,3,0,0,0,0,1,1,0,0,1,2,3,54,0,3,1,3,3,9
"791",791,2,2,2,2,0,0,0,0,0,1,0,0,0,1,2,43,1,4,2,3,3,6
"792",792,3,3,3,3,0,0,1,0,1,0,0,0,1,3,3,52,1,2,1,3,3,9
"793",793,1,2,2,2,0,0,0,0,0,0,0,0,0,1,1,36,0,1,1,3,2,5
"794",794,2,1,1,1,1,1,1,1,1,1,0,0,0,1,1,51,1,3,2,3,3,4
"795",795,3,3,3,3,1,1,1,1,1,1,0,1,1,3,4,43,0,1,1,4,3,9
"796",796,3,3,3,3,0,0,1,0,1,1,0,0,1,3,3,40,1,1,2,4,3,9
"797",797,2,2,2,2,0,1,0,0,0,0,0,0,0,1,1,54,0,2,1,3,3,6
"798",798,1,1,1,1,0,0,0,0,0,0,0,0,0,1,1,41,1,2,1,3,3,3
"799",799,3,3,3,3,1,0,1,0,1,1,0,1,1,3,5,46,0,2,3,4,3,9
"800",800,2,2,2,2,0,0,0,0,0,0,0,0,0,1,1,61,0,2,1,3,4,6
"801",801,3,3,3,4,1,0,1,1,1,0,0,0,1,3,4,49,0,3,1,3,3,9
"802",802,1,1,1,1,0,0,0,0,0,0,0,0,0,1,1,69,1,2,1,2,4,3
"803",803,4,4,4,2,1,1,1,1,1,0,1,0,1,3,2,54,0,2,1,4,3,12
"804",804,3,3,3,3,1,1,1,1,1,1,1,1,1,3,4,45,0,2,2,4,3,9
"805",805,4,4,4,3,1,1,1,1,1,1,1,0,1,3,4,51,1,3,1,3,3,12
"806",806,3,3,3,3,1,1,1,1,0,0,1,0,1,3,4,47,0,2,1,4,3,9
"807",807,1,1,1,1,0,0,0,0,0,0,0,0,0,1,1,58,1,2,1,3,4,3
"808",808,2,2,2,2,0,0,0,0,0,1,0,0,0,1,1,35,0,2,1,3,2,6
"809",809,2,2,2,2,0,0,0,0,0,0,0,0,0,1,1,69,1,1,1,2,4,6
"810",810,3,3,3,3,1,0,1,1,1,0,1,1,1,3,4,48,0,2,2,4,3,9
"811",811,3,3,3,3,1,1,1,1,1,1,1,0,1,3,4,37,0,2,1,4,2,9
"812",812,3,4,4,4,1,0,1,1,1,1,1,0,1,3,3,42,1,3,2,4,3,11
"813",813,3,4,4,3,1,1,1,1,0,1,0,1,1,3,5,54,0,3,1,4,3,11
"814",814,3,3,3,3,1,1,1,1,0,1,0,0,1,3,4,36,1,2,1,4,2,9
"815",815,1,2,2,2,0,0,0,0,0,1,0,0,0,1,1,39,0,3,1,3,2,5
"816",816,3,4,3,4,1,0,1,1,1,0,1,1,1,3,3,41,0,1,2,4,3,10
"817",817,1,1,1,1,0,0,0,0,0,0,0,0,0,1,2,46,0,3,1,3,3,3
"818",818,3,3,3,4,1,0,1,1,0,0,0,0,1,3,4,57,1,3,2,3,4,9
"819",819,3,4,3,4,1,0,1,1,1,0,0,1,1,3,4,65,0,3,2,3,4,10
"820",820,3,3,3,4,0,0,0,1,0,0,1,0,1,3,3,64,0,2,1,3,4,9
"821",821,4,4,3,4,1,1,1,1,1,1,1,1,1,3,3,54,1,3,2,4,3,11
"822",822,4,4,4,4,1,1,1,1,1,0,0,1,1,3,3,48,0,1,1,3,3,12
"823",823,1,2,2,1,0,1,0,0,0,0,0,0,0,1,1,68,1,1,1,2,4,5
"824",824,3,3,3,4,0,0,1,1,1,0,1,0,1,3,3,45,0,2,2,3,3,9
"825",825,1,2,1,1,0,0,0,0,0,0,1,0,0,1,2,69,0,2,1,2,4,4
"826",826,3,3,3,4,1,1,1,1,1,0,1,0,1,3,3,54,0,1,2,4,3,9
"827",827,4,4,4,4,1,1,1,1,1,1,0,1,1,3,4,61,0,2,2,4,4,12
"828",828,1,1,2,2,0,0,1,1,0,0,0,0,0,1,1,67,1,1,1,2,4,4
"829",829,3,3,3,3,0,0,1,1,1,0,0,1,1,3,3,52,0,2,2,3,3,9
"830",830,3,3,3,3,1,1,1,1,0,1,0,0,1,3,3,46,1,2,1,4,3,9
"831",831,2,3,3,3,1,0,1,1,1,1,0,0,0,1,2,41,1,3,2,4,3,8
"832",832,3,4,4,3,1,0,1,0,1,0,0,1,1,3,3,57,1,3,1,3,4,11
"833",833,4,3,3,4,1,1,1,1,0,0,1,0,1,3,3,43,0,3,1,3,3,10
"834",834,1,1,1,1,0,0,0,0,0,0,0,0,0,1,1,66,0,2,1,2,4,3
"835",835,4,4,4,4,1,0,1,1,1,1,0,1,1,3,4,45,0,2,2,3,3,12
"836",836,3,4,3,4,1,1,1,1,1,0,1,0,1,3,3,56,1,2,1,3,4,10
"837",837,3,3,3,3,1,0,1,0,0,0,1,0,0,3,3,41,0,2,1,3,3,9
"838",838,3,3,3,3,1,0,1,1,0,1,0,0,1,3,3,54,0,1,1,4,3,9
"839",839,2,2,2,1,0,0,0,0,1,0,0,0,0,1,1,64,0,2,1,2,4,6
"840",840,1,1,1,1,0,0,0,0,0,1,0,0,0,1,1,65,0,1,1,3,4,3
"841",841,4,3,3,4,1,1,1,1,1,1,1,1,1,3,4,58,0,2,1,4,4,10
